Tx Hash,blockHeight,blockTime(UTC+8),blockTime(UTC),from,to,value,fee,status
0x9cf8878d52719d9361b8c0076ef797eee5c34734cf923159c1d85d31da855e74,44357015,2024/11/27 04:10:17,2024/11/26 20:10:17,0xb844827a63bb6edb01e87336d13912ed08fcc500,0x2c34a2fb1d0b4f55de51e1d0bdefaddce6b7cdd6,0.0022,2.1E-5,-,Failed,
0x0c05bdfe503774da7db4e86a50a76f6fd0749c71e3f109fe8c7e1efdf7b2e4a8,44317890,2024/11/25 19:34:01,2024/11/25 11:34:01,0x1e1e120f03c2d9b14b8383ddd2c09cf168a2cbe4,0x2c34a2fb1d0b4f55de51e1d0bdefaddce6b7cdd6,0.0,2.40097E-5,approve,Failed,
0x98f8cb378c9d7e5679a6c599d2f1aec4d22f34567129544992232ccc0f598b81,44309087,2024/11/25 12:13:50,2024/11/25 04:13:50,0xc89519ffd024f9686316e27109892670c9349d16,0x2c34a2fb1d0b4f55de51e1d0bdefaddce6b7cdd6,3.0E-4,2.121E-5,-,Failed,
0x3933c5f1368aa1b8fa06acfbe60e66fb2553eb828f285aa8165abe22c8c1cd6d,44256221,2024/11/23 16:10:29,2024/11/23 08:10:29,0x9dfe98374ea2fdc93b2274ec0dbc21dc4b4b5770,0x2c34a2fb1d0b4f55de51e1d0bdefaddce6b7cdd6,0.031062462778904565,2.14221E-5,-,Failed,
0x7c5517802b89e606a097c5958bc0f6ab319095c1a71d1a4792afd89aeea3ee57,44245998,2024/11/23 07:39:20,2024/11/22 23:39:20,0xdccf3b77da55107280bd850ea519df3705d1a75a,0x2c34a2fb1d0b4f55de51e1d0bdefaddce6b7cdd6,9.0105E-4,4.209E-5,-,Failed,
0x12e7773701ab852f770e304fbd77e4ad9857d2abd0b08a86489c3bb0e5801e56,44110948,2024/11/18 15:06:28,2024/11/18 07:06:28,0x1fbe2acee135d991592f167ac371f3dd893a508b,0x2c34a2fb1d0b4f55de51e1d0bdefaddce6b7cdd6,0.0078,4.209E-5,-,Failed,
0xd3fb8a060ae3d010144b825cd8e73980f2cb75ba161bf36561e933665c9161cd,43991616,2024/11/14 11:39:44,2024/11/14 03:39:44,0x3c783c21a0383057d128bae431894a5c19f9cf06,0x2c34a2fb1d0b4f55de51e1d0bdefaddce6b7cdd6,0.031776,4.209E-5,-,Failed,
0x203b6cf40858315e36e549ce1fd0c9dfbdd8f237dc7bfb4964a8ac9dc6462334,43879655,2024/11/10 14:21:17,2024/11/10 06:21:17,0xf5b64eb50b9731305c2bc29d6abab101e7c196d5,0x2c34a2fb1d0b4f55de51e1d0bdefaddce6b7cdd6,0.001,3.15E-5,-,Failed,
0x146ffa515e72b193dfc7628bde0daecdf207712daf3a6797b63dd7f05bb14a49,43783712,2024/11/07 06:12:37,2024/11/06 22:12:37,0x161ba15a5f335c9f06bb5bbb0a9ce14076fbb645,0x2c34a2fb1d0b4f55de51e1d0bdefaddce6b7cdd6,0.00149165,4.209E-5,-,Failed,
0xf8c7fcc7f5def444f3107c930736217ee90d86cb8694d3d535aa3c5b6ad0572c,43537791,2024/10/29 17:15:42,2024/10/29 09:15:42,0xef7f5b1b84287edbc06f42cf11cc259a21841728,0x2c34a2fb1d0b4f55de51e1d0bdefaddce6b7cdd6,0.003163941913741328,2.1E-5,-,Failed,
0x225d4ce840e696fdec336f072c92a000c02818b096788ce0fb7e10378f4a2385,43431793,2024/10/26 00:55:39,2024/10/25 16:55:39,0xa329a4e511c020703e747a1895c09514a57cf20e,0x2c34a2fb1d0b4f55de51e1d0bdefaddce6b7cdd6,5.0E-4,3.15E-5,-,Failed,
0x1ff6b66fb1a3cebe87553805d0a6f5c5945e979acfbbec97b21d6c7ab4d70336,43073154,2024/10/13 14:02:07,2024/10/13 06:02:07,0xaa05a322d2cf0f049a6ef3fa9964bacbbef83eb3,0x2c34a2fb1d0b4f55de51e1d0bdefaddce6b7cdd6,0.0,2.39437E-5,approve,Failed,
0x499f56cb1a2dd83a5b810a980279e1afd8dcea944a9f8a3012292ea56102d21a,43027753,2024/10/12 00:11:55,2024/10/11 16:11:55,0x1ddb58f38dd7818d7be3ca49256335089b6aab77,0x2c34a2fb1d0b4f55de51e1d0bdefaddce6b7cdd6,5.0E-5,2.1E-5,-,Failed,
0xa833a70a0093a4e5d65ee538e3e26c89423dc717e928e1165ed4eb02759dd04d,42999185,2024/10/11 00:23:31,2024/10/10 16:23:31,0x0c0de5f606c80773e5b2652885de93498a61b1af,0x2c34a2fb1d0b4f55de51e1d0bdefaddce6b7cdd6,0.0,7.254E-5,initialize,Failed,
0x7bd7f2061532a421e81bdbc2a572022473d27836def9a497871627040b5a2c2a,42999056,2024/10/11 00:17:04,2024/10/10 16:17:04,0x0c0de5f606c80773e5b2652885de93498a61b1af,0x2c34a2fb1d0b4f55de51e1d0bdefaddce6b7cdd6,0.0,7.2063E-5,setApproveProxy,Failed,
0x89ec69601c7ac5079ebbd15b1075ce5f11b4fdb6395824153e9df9770a3cda83,42999042,2024/10/11 00:16:22,2024/10/10 16:16:22,0x0c0de5f606c80773e5b2652885de93498a61b1af,0x2c34a2fb1d0b4f55de51e1d0bdefaddce6b7cdd6,0.0,7.2063E-5,setApproveProxy,Failed,
0x0ad5e8122392c9078a62e48aa8a184ec81640d374b06ed0e2894c819f18854c1,42998899,2024/10/11 00:09:13,2024/10/10 16:09:13,0x0c0de5f606c80773e5b2652885de93498a61b1af,0x2c34a2fb1d0b4f55de51e1d0bdefaddce6b7cdd6,0.0,7.5198E-5,claimTokens,Failed,
0x69ef2d95363436320ef3d5368a30c034a9940068f2ad9f52d732ad791d5b13ab,42974552,2024/10/10 03:51:50,2024/10/09 19:51:50,0x392c08d897543f15b74490568d0f4c1d5fe1c2bf,0x2c34a2fb1d0b4f55de51e1d0bdefaddce6b7cdd6,5.0E-5,3.15E-5,-,Failed,
0xd4663acae63882b3d0d90de9882c0d179db9a6963d7a9ab346073251cc7f0d29,42974463,2024/10/10 03:47:23,2024/10/09 19:47:23,0x392c08d897543f15b74490568d0f4c1d5fe1c2bf,0x2c34a2fb1d0b4f55de51e1d0bdefaddce6b7cdd6,5.0E-6,3.15E-5,-,Failed,
0x621fcf773a5bce9b8e6cad423322621639bc8c061c676fc5c16e4e89a76403d9,42842721,2024/10/05 14:00:01,2024/10/05 06:00:01,0x3f50d9482794f42fed31b6133c3d4571eb845a22,0x2c34a2fb1d0b4f55de51e1d0bdefaddce6b7cdd6,3.0E-4,3.15E-5,-,Failed,
0x3edd47a2a52d581c3ba4de52cc5b4cc4c7b362e011307f0ed329ffc355581d6a,42831340,2024/10/05 04:30:54,2024/10/04 20:30:54,0x3f50d9482794f42fed31b6133c3d4571eb845a22,0x2c34a2fb1d0b4f55de51e1d0bdefaddce6b7cdd6,2.69536067100231E-4,2.1E-5,-,Failed,
0xcc9df092dc1a9569effff587bd660a18430848227511dc5ea618568ffd9f92b6,42791995,2024/10/03 19:43:24,2024/10/03 11:43:24,0x37ec14ef9c13c2a07c2cd1ed3f5869d42d9a6596,0x2c34a2fb1d0b4f55de51e1d0bdefaddce6b7cdd6,0.0,2.1791E-5,approve,Failed,
0x1912fd0a4520ae3e1621fe6d69ffa6acb303b7d76e8ff5b6dac99b5111f53aa2,42791893,2024/10/03 19:38:18,2024/10/03 11:38:18,0x37ec14ef9c13c2a07c2cd1ed3f5869d42d9a6596,0x2c34a2fb1d0b4f55de51e1d0bdefaddce6b7cdd6,0.0,2.2743E-5,0x9871efa4,Failed,
0xcf5c9f5455a136254dffdc80a5575497f5bafb8ff85c091e0676210d0a0cdf08,42789291,2024/10/03 17:28:12,2024/10/03 09:28:12,0x37ec14ef9c13c2a07c2cd1ed3f5869d42d9a6596,0x2c34a2fb1d0b4f55de51e1d0bdefaddce6b7cdd6,0.0,2.1791E-5,approve,Failed,
0x6429f312c8a3aba10cfdf6202318a41e8dac23c2c9f864d022f34f7a09c68cb5,42789236,2024/10/03 17:25:27,2024/10/03 09:25:27,0x37ec14ef9c13c2a07c2cd1ed3f5869d42d9a6596,0x2c34a2fb1d0b4f55de51e1d0bdefaddce6b7cdd6,0.0,2.1791E-5,approve,Failed,
0x14d09d5472512256907a9aca5f9c924665cdc87f392d39b8d0469abccfa5dfce,42789221,2024/10/03 17:24:42,2024/10/03 09:24:42,0x37ec14ef9c13c2a07c2cd1ed3f5869d42d9a6596,0x2c34a2fb1d0b4f55de51e1d0bdefaddce6b7cdd6,0.0,2.1791E-5,approve,Failed,
0xbae6ffcbd6e42d0dee9c27858d2d2cc33b14dd7c133d941bfbaa927186059632,42688967,2024/09/30 05:51:41,2024/09/29 21:51:41,0x01c952174c24e1210d26961d456a77a39e1f0bb0,0x2c34a2fb1d0b4f55de51e1d0bdefaddce6b7cdd6,8.0E-4,4.209E-5,-,Failed,
0x9bb0299f1fe7e19b7ffa65f70875ed0acf1f421c17a662f88721aa6470445185,42673702,2024/09/29 17:08:26,2024/09/29 09:08:26,0x413ef0f2c7a357113e7e408686bb92a2f0784021,0x2c34a2fb1d0b4f55de51e1d0bdefaddce6b7cdd6,1.0E-4,2.1E-5,-,Failed,
0x396f6365e7b696ede70baa98089edf2122d10deebe2c826cd9aa0221de97c148,42673691,2024/09/29 17:07:53,2024/09/29 09:07:53,0x413ef0f2c7a357113e7e408686bb92a2f0784021,0x2c34a2fb1d0b4f55de51e1d0bdefaddce6b7cdd6,4.2E-5,2.1E-5,-,Failed,
0xddd64658f5608ca1df7e560202d03609e3a53b2eeb751fd9e51bfac4401c9195,42632279,2024/09/28 06:37:15,2024/09/27 22:37:15,0x38428d54959c028fa693cccd48fe1627b70b9b2e,0x2c34a2fb1d0b4f55de51e1d0bdefaddce6b7cdd6,4.457541E-4,2.31E-5,-,Failed,
0xeabb131906aa53450c4446660a8622f7555c1b4992124234bd33e34ddd906eae,42557345,2024/09/25 16:07:12,2024/09/25 08:07:12,0xf99cc9debc76a2aeef5c9ffcbf73c6e44d7925a3,0x2c34a2fb1d0b4f55de51e1d0bdefaddce6b7cdd6,0.0,2.2115E-5,approve,Failed,
0x999332d81b5e42ed22f9dfd94223220cad438835f08ee4dc2915de1b78d1eb87,42557237,2024/09/25 16:01:48,2024/09/25 08:01:48,0xf99cc9debc76a2aeef5c9ffcbf73c6e44d7925a3,0x2c34a2fb1d0b4f55de51e1d0bdefaddce6b7cdd6,0.0,2.2115E-5,approve,Failed,
0x4bd2008d7087b4b841fba48d2300f8571a250a5ad3893c379346c14615f28779,42557057,2024/09/25 15:52:48,2024/09/25 07:52:48,0xf99cc9debc76a2aeef5c9ffcbf73c6e44d7925a3,0x2c34a2fb1d0b4f55de51e1d0bdefaddce6b7cdd6,0.0,2.2115E-5,approve,Failed,
0xaf6f998103c2cfb6ad1632f25b24f98ac42fa594b57be977c8177d11430cd45a,42557027,2024/09/25 15:51:18,2024/09/25 07:51:18,0xf99cc9debc76a2aeef5c9ffcbf73c6e44d7925a3,0x2c34a2fb1d0b4f55de51e1d0bdefaddce6b7cdd6,0.0,2.43265E-5,approve,Failed,
0x0d40f4b8c12f60a7b85ae3f24e2a4bfacfbdb8a63a37385e0d4fd5381ec6da7c,42556999,2024/09/25 15:49:54,2024/09/25 07:49:54,0xf99cc9debc76a2aeef5c9ffcbf73c6e44d7925a3,0x2c34a2fb1d0b4f55de51e1d0bdefaddce6b7cdd6,0.0,2.39833E-5,approve,Failed,
0x8063ea0790e8479b5bb5b539d90b807938b788aadaf5d3adb700c0a0ef683b91,42239692,2024/09/14 14:50:05,2024/09/14 06:50:05,0xa3d8db98181a5f555946e7de447509e5a1f2dd53,0x2c34a2fb1d0b4f55de51e1d0bdefaddce6b7cdd6,0.0,2.39833E-5,approve,Failed,
0x7286c07389e61a32e1d5ec7d0daeac26b7f0834f72215df05af7652014a20464,42233494,2024/09/14 09:39:22,2024/09/14 01:39:22,0xa3d8db98181a5f555946e7de447509e5a1f2dd53,0x2c34a2fb1d0b4f55de51e1d0bdefaddce6b7cdd6,0.0,2.39833E-5,approve,Failed,
0x4aa0c55a0155ccd029b2af312f9e9b968473c12adbd837e3374b571f1e41ee29,42217985,2024/09/13 20:42:28,2024/09/13 12:42:28,0xa3d8db98181a5f555946e7de447509e5a1f2dd53,0x2c34a2fb1d0b4f55de51e1d0bdefaddce6b7cdd6,0.0,2.39965E-5,approve,Failed,
0xc80948a17f3f5ca435a88dfd67260a36cb9ee647916e8f78ac548df0e97d2038,42212719,2024/09/13 16:18:26,2024/09/13 08:18:26,0xa3d8db98181a5f555946e7de447509e5a1f2dd53,0x2c34a2fb1d0b4f55de51e1d0bdefaddce6b7cdd6,0.0,2.39965E-5,approve,Failed,
0x588a11bb0c7b834a6a25c79d14e2404de026c39869f65494b36517f90246796d,42209987,2024/09/13 14:01:40,2024/09/13 06:01:40,0xa3d8db98181a5f555946e7de447509e5a1f2dd53,0x2c34a2fb1d0b4f55de51e1d0bdefaddce6b7cdd6,0.0,2.39965E-5,approve,Failed,
0xa5d9c16ab48dce303e3c8429d2f3aa64fa13b7bd7dee39bacd6c6c3dc5b5e620,42209869,2024/09/13 13:55:46,2024/09/13 05:55:46,0xa3d8db98181a5f555946e7de447509e5a1f2dd53,0x2c34a2fb1d0b4f55de51e1d0bdefaddce6b7cdd6,0.0,2.39833E-5,approve,Failed,
0xd8941b17d60eea51aba70e0ff33d61a82accd494ab2b82a2a605336cd22ae57a,42207353,2024/09/13 11:49:25,2024/09/13 03:49:25,0xa3d8db98181a5f555946e7de447509e5a1f2dd53,0x2c34a2fb1d0b4f55de51e1d0bdefaddce6b7cdd6,0.0,2.39833E-5,approve,Failed,
0xbc35700db25265a5b0cadf24a87fb0120d86f5cc424e243c7c5706d2d7b19553,42206228,2024/09/13 10:52:54,2024/09/13 02:52:54,0xa3d8db98181a5f555946e7de447509e5a1f2dd53,0x2c34a2fb1d0b4f55de51e1d0bdefaddce6b7cdd6,0.0,8.726E-5,approve,Failed,
0xde5b25dc8466c3155a5da239cb388686abea348b7e630b60dc48f65517319236,42206208,2024/09/13 10:51:53,2024/09/13 02:51:53,0xa3d8db98181a5f555946e7de447509e5a1f2dd53,0x2c34a2fb1d0b4f55de51e1d0bdefaddce6b7cdd6,0.0,8.726E-5,approve,Failed,
0x2529939162b6531a5849af8d8094df972c2b977e64a14a9958961cf1d97c8cba,42206191,2024/09/13 10:51:02,2024/09/13 02:51:02,0xa3d8db98181a5f555946e7de447509e5a1f2dd53,0x2c34a2fb1d0b4f55de51e1d0bdefaddce6b7cdd6,0.0,8.726E-5,approve,Failed,
0xc724ed63ed705c4639a1d8cef536c3cf54a9e176e6b72457881d06d0857b5377,42206165,2024/09/13 10:49:44,2024/09/13 02:49:44,0xa3d8db98181a5f555946e7de447509e5a1f2dd53,0x2c34a2fb1d0b4f55de51e1d0bdefaddce6b7cdd6,0.0,8.7212E-5,approve,Failed,
0x9b58b9e9ddca904a752010671d86251e8fcaeae9c47be3864c6ddb0fa2c79c56,42134141,2024/09/10 22:43:09,2024/09/10 14:43:09,0x41ad758d51300babfb3c6c14fced3722e10f089e,0x2c34a2fb1d0b4f55de51e1d0bdefaddce6b7cdd6,0.0,2.1803E-5,approve,Failed,
0xda47c657c8c1a0769afd5a5d46175972f890446ec6f96a901947ef763d2b9ed0,41841758,2024/08/31 18:22:58,2024/08/31 10:22:58,0xf89d7b9c864f589bbf53a82105107622b35eaa40,0x2c34a2fb1d0b4f55de51e1d0bdefaddce6b7cdd6,0.00125814,1.05225E-4,-,Failed,
0x3e2d68e82b4926c7caafcfd86d4eaea06db858c33ba24576f959d966dab06b77,41421958,2024/08/17 03:28:39,2024/08/16 19:28:39,0x5bd75df3d7235666cce9a0177e158b4841b51231,0x2c34a2fb1d0b4f55de51e1d0bdefaddce6b7cdd6,9.5746011046748E-5,2.1E-5,-,Failed,
0xd3d559450f5c9cc7931654a8522ea0206a49ec3bc9added70a7d73805907999c,41414830,2024/08/16 21:31:43,2024/08/16 13:31:43,0x29bdfbf7d27462a2d115748ace2bd71a2646946c,0x2c34a2fb1d0b4f55de51e1d0bdefaddce6b7cdd6,0.1998,4.209E-5,-,Failed,
0xe4069ea6c7d561a92a879367bb10392edcd31a64da93cb22382ce4cf9807a516,41382329,2024/08/15 18:23:18,2024/08/15 10:23:18,0x9659b6ed9faffa7f3f04e3b0ad5eee214162acfc,0x2c34a2fb1d0b4f55de51e1d0bdefaddce6b7cdd6,0.0,2.57169E-5,0x30783039,Failed,
0xabe37fa5e50ea67b994e643b87dfab94a6d7174e322691ac17d27c5070c8f8db,41005518,2024/08/02 15:37:16,2024/08/02 07:37:16,0xf47fcceeb940023a88a52e2cab81884bd681714b,0x2c34a2fb1d0b4f55de51e1d0bdefaddce6b7cdd6,0.0,2.4329789E-5,approve,Failed,
0x9fa4f31d61157d9e19c03a1e0ee29dbf684058ad3cf393156601051173ba4f0c,41005490,2024/08/02 15:35:52,2024/08/02 07:35:52,0xf47fcceeb940023a88a52e2cab81884bd681714b,0x2c34a2fb1d0b4f55de51e1d0bdefaddce6b7cdd6,0.0,2.40889E-5,approve,Failed,
0x514154740b6e211b8a723e489fb7ac0703615354a94feb0f0dccfce9c266f5c6,41005325,2024/08/02 15:27:37,2024/08/02 07:27:37,0xf47fcceeb940023a88a52e2cab81884bd681714b,0x2c34a2fb1d0b4f55de51e1d0bdefaddce6b7cdd6,0.0,2.40889E-5,approve,Failed,
0xc0b8c47d043ce46d6e9cd67a079d8b5e2db07a3685c41e70461b41866967ab26,41004050,2024/08/02 14:23:38,2024/08/02 06:23:38,0xf47fcceeb940023a88a52e2cab81884bd681714b,0x2c34a2fb1d0b4f55de51e1d0bdefaddce6b7cdd6,0.0,2.40889E-5,approve,Failed,
0x8fc20a83db119194d76e82c29625552506571bdac75dedc22138781bd5319467,40970807,2024/08/01 10:37:09,2024/08/01 02:37:09,0xac2c57d8c0a911a59ac1b550f9bc15c80bdc84e2,0x2c34a2fb1d0b4f55de51e1d0bdefaddce6b7cdd6,0.0,2.40097E-5,approve,Failed,
0xfa11d85ca2f6f8d0f6c3e96bb3006556d148f95e9136e8a2557a378b45fc54d1,40023323,2024/06/29 10:39:32,2024/06/29 02:39:32,0x6dab26b3261573180c4c65b6d1e75a8088342ae1,0x2c34a2fb1d0b4f55de51e1d0bdefaddce6b7cdd6,0.0,2.1863E-5,approve,Failed,
0xeedb5bce6a08087141248a59034460ca9f4d0c1f18e672fe9c9ad4add0789a95,40023123,2024/06/29 10:29:32,2024/06/29 02:29:32,0x6dab26b3261573180c4c65b6d1e75a8088342ae1,0x2c34a2fb1d0b4f55de51e1d0bdefaddce6b7cdd6,0.0,2.1827E-5,approve,Failed,
0x432dd0d82fd5f18fb2144aa7e53a2036f66d37c870b39d91b75b02e2328ba36d,40022441,2024/06/29 09:55:21,2024/06/29 01:55:21,0x6dab26b3261573180c4c65b6d1e75a8088342ae1,0x2c34a2fb1d0b4f55de51e1d0bdefaddce6b7cdd6,0.0,2.1827E-5,approve,Failed,
0x3cb459a0caadd67a897455a8c7600d899b1805f47e71fef99d82ff3714257401,40022251,2024/06/29 09:45:51,2024/06/29 01:45:51,0x6dab26b3261573180c4c65b6d1e75a8088342ae1,0x2c34a2fb1d0b4f55de51e1d0bdefaddce6b7cdd6,0.0,3.591555E-5,approve,Failed,
0xcd8f9a6869f192108025538a2aba60c8fd04011656fbfb700c354055750d739b,40006151,2024/06/28 20:18:24,2024/06/28 12:18:24,0x6dab26b3261573180c4c65b6d1e75a8088342ae1,0x2c34a2fb1d0b4f55de51e1d0bdefaddce6b7cdd6,0.0,3.591555E-5,approve,Failed,
0x79dd4ebf6fea4cc5d8260919f64f59755a102dfef548287c8f38b33476ff6b42,40006030,2024/06/28 20:12:21,2024/06/28 12:12:21,0x6dab26b3261573180c4c65b6d1e75a8088342ae1,0x2c34a2fb1d0b4f55de51e1d0bdefaddce6b7cdd6,0.0,2.39437E-5,approve,Failed,
0x8d6d63ee0298cfa142255b2e8a34a8ec42a6ff16a50900b09f635404f85bf5e8,39822152,2024/06/22 10:09:31,2024/06/22 02:09:31,0x960dc893059b1106e338ddb4b23e2b7560657890,0x2c34a2fb1d0b4f55de51e1d0bdefaddce6b7cdd6,0.0,2.40097E-5,approve,Failed,
0x8ef2f3de7795bc87690cea7566e59e778f588ce77dd16165af54788b3e2575da,39775217,2024/06/20 18:41:42,2024/06/20 10:41:42,0x834b0ff95c1f4de44e59194c04633e485d8b3a09,0x2c34a2fb1d0b4f55de51e1d0bdefaddce6b7cdd6,0.1,3.7593E-5,0x3d21e25a,Failed,
0x80eb3c6034493c54fef09b0dd54ee73df5c64180ad772835a97ff4e7154ce34d,39775200,2024/06/20 18:40:49,2024/06/20 10:40:49,0x834b0ff95c1f4de44e59194c04633e485d8b3a09,0x2c34a2fb1d0b4f55de51e1d0bdefaddce6b7cdd6,0.1,3.7593E-5,0x3d21e25a,Failed,
0x5b6eac33ed3a0c5ccecd79a80a1f916cc29652736be7a1937a97cb32ea1b4f4b,39254539,2024/06/02 15:17:04,2024/06/02 07:17:04,0x7fe4e1ea8cf7d0820e42401fc7505f59a884ac47,0x2c34a2fb1d0b4f55de51e1d0bdefaddce6b7cdd6,8.4E-4,2.31E-5,-,Failed,
0x20a913e2a859dd3d4d88b441cfb572b5571b138b327d74ceeee61651f2a2f086,38866632,2024/05/20 03:10:26,2024/05/19 19:10:26,0x6ca06aaf9ae244c3cb8300adab18f43143c6ff11,0x2c34a2fb1d0b4f55de51e1d0bdefaddce6b7cdd6,0.0,6.5409E-5,approve,Failed,
0x55a9a7c854f4534d4c53f5755394de21b6df2bf8739672ee6a5153679ffc4f4f,38136359,2024/04/24 17:25:35,2024/04/24 09:25:35,0x5dc563b49be1a1dc86c2fb9eca1f971e2c49b665,0x2c34a2fb1d0b4f55de51e1d0bdefaddce6b7cdd6,0.0,2.1803E-5,approve,Failed,
0x35898bbfeeae7f3889737210c120a99ab59ea409842acb0734727ab806a53b33,37760445,2024/04/11 15:32:57,2024/04/11 07:32:57,0xf1dd1b2b8f6f68595ae1a7f21f594dbebaf8aa5e,0x2c34a2fb1d0b4f55de51e1d0bdefaddce6b7cdd6,0.0,2.4115E-5,0xe2cf089e,Failed,
0xacace6db85be1ff16869e6537744161b02293550211e8b5e520627c3a19edc43,37668781,2024/04/08 11:00:30,2024/04/08 03:00:30,0x5ee791237f30cb94c8d209aeff90fcbf2957a39b,0x2c34a2fb1d0b4f55de51e1d0bdefaddce6b7cdd6,0.0,3.7583190279481E-5,approve,Failed,
0x57dbc9f6aa7d0bcae0bf141bec5858835c8544a7e9750566d4e363e5142bc77d,36463826,2024/02/26 12:42:05,2024/02/26 04:42:05,0x99ff659ff3b62fdd9b2a04b714543f208a707940,0x2c34a2fb1d0b4f55de51e1d0bdefaddce6b7cdd6,0.0,0.004994882572674885,approve,Failed,
0x13c49038af4dfde25fafd572145380359357979023864fc24d7d52d6cb36bf29,36463796,2024/02/26 12:40:35,2024/02/26 04:40:35,0x99ff659ff3b62fdd9b2a04b714543f208a707940,0x2c34a2fb1d0b4f55de51e1d0bdefaddce6b7cdd6,0.0,0.005249493699255205,approve,Failed,
0x5c926a49fa6aa4ff100a90118243615ec4a959004056b17becae322006ef2c3f,36463769,2024/02/26 12:39:14,2024/02/26 04:39:14,0x99ff659ff3b62fdd9b2a04b714543f208a707940,0x2c34a2fb1d0b4f55de51e1d0bdefaddce6b7cdd6,0.0,0.004797543842756715,approve,Failed,
0x328ff9f7c62187a51def4ef6c8784eeeece67ba52343c8a7032568f6a324bfed,36463745,2024/02/26 12:38:02,2024/02/26 04:38:02,0x99ff659ff3b62fdd9b2a04b714543f208a707940,0x2c34a2fb1d0b4f55de51e1d0bdefaddce6b7cdd6,0.0,0.0046575741292059,approve,Failed,
0xbca762da5526e411b7f914616e32184dc8ab3ca77640967e183453799deb443a,36245895,2024/02/18 22:43:16,2024/02/18 14:43:16,0x97b9d2102a9a65a26e1ee82d59e42d1b73b68689,0x2c34a2fb1d0b4f55de51e1d0bdefaddce6b7cdd6,0.0287707,1.367925E-4,-,Failed,
0xeb50c136ea1e3b5a509760c6e91a603feefb7830492a0e1109ab88bedaa0368d,35924347,2024/02/07 18:15:45,2024/02/07 10:15:45,0x0fc493830b340e013a7beed6d08c12d3b48ae05d,0x2c34a2fb1d0b4f55de51e1d0bdefaddce6b7cdd6,0.0,8.8149916072565E-5,0xb80c2f09,Failed,
0x4ba12b3ce8e5e758aa0f9e185e86c916cb13551bec9173a0664eefa870d68f4e,35083957,2024/01/09 12:27:46,2024/01/09 04:27:46,0x04cb4218d92f6570a7cfc3740ac507cb7acf1233,0x2c34a2fb1d0b4f55de51e1d0bdefaddce6b7cdd6,1.0E-17,9.4253517579342E-5,approve,Failed,
0x637d91db67bed73ab4f86dba7912d2409c25cd79e77b132bd86e4f1dae5fa81f,34512501,2023/12/20 15:06:55,2023/12/20 07:06:55,0x06c95a3934d94d5ae5bf54731bd2840cefee6f87,0x2c34a2fb1d0b4f55de51e1d0bdefaddce6b7cdd6,0.0,8.583E-5,transferOwnership,SUCCESS,
0x3d85870a15f71620fdb31d597bba4a34d328cfc9b58bd62002e8473c15cfbc05,34451064,2023/12/18 11:46:10,2023/12/18 03:46:10,0x00129f23b74196e66a926d0d53c9e9fabaada5ed,0x2c34a2fb1d0b4f55de51e1d0bdefaddce6b7cdd6,0.0,1.35929992159395E-4,approve,Failed,
0x0ed41ec3eb16714aa805b0e911e48d546f0eb98f2fc50123391cce30a4dbea60,34436317,2023/12/17 23:26:16,2023/12/17 15:26:16,0x00129f23b74196e66a926d0d53c9e9fabaada5ed,0x2c34a2fb1d0b4f55de51e1d0bdefaddce6b7cdd6,0.0,9.775517445393E-5,approve,Failed,
0xe4bce11f8b9628a86e10446a5b46f0c92d7d652747168e0231c64c350939a98c,34371196,2023/12/15 16:40:01,2023/12/15 08:40:01,0x00129f23b74196e66a926d0d53c9e9fabaada5ed,0x2c34a2fb1d0b4f55de51e1d0bdefaddce6b7cdd6,0.0,6.6808532978381E-5,approve,Failed,
0xe2d405d43d36e23a83104d2d07fd549248f557fa30862a1e3a203cff71a35bf6,34370831,2023/12/15 16:21:46,2023/12/15 08:21:46,0x00129f23b74196e66a926d0d53c9e9fabaada5ed,0x2c34a2fb1d0b4f55de51e1d0bdefaddce6b7cdd6,0.0,6.565740357996E-5,approve,Failed,
0xee333f3cd5482913ef51486bf1de62d2bb4b34d22e8ad8b48ddd5d891d9fa61b,34370549,2023/12/15 16:07:37,2023/12/15 08:07:37,0x00129f23b74196e66a926d0d53c9e9fabaada5ed,0x2c34a2fb1d0b4f55de51e1d0bdefaddce6b7cdd6,0.0,6.5804775360005E-5,approve,Failed,
0x2a66db6130a92d4e57b93d2513f81e6bd076789bf332fe8ea6b205b57980a7b8,34354631,2023/12/15 02:50:17,2023/12/14 18:50:17,0x224363e1d80590cd82dd53027ca8696609bfb717,0x2c34a2fb1d0b4f55de51e1d0bdefaddce6b7cdd6,0.017949643002048547,1.05037721019E-4,-,Failed,
0x3f817b3933fa5b3348161d2e5403bc1cf892774f708dd20685e0e2cf39c8d714,34354611,2023/12/15 02:49:17,2023/12/14 18:49:17,0x224363e1d80590cd82dd53027ca8696609bfb717,0x2c34a2fb1d0b4f55de51e1d0bdefaddce6b7cdd6,0.018054680723067547,1.05007748727E-4,-,Failed,
0x2c797e57b7661fda9f1f7937585ddc261e8959597e7e3c9bcf3831a4aa452c3a,34180528,2023/12/09 01:25:57,2023/12/08 17:25:57,0xa180fe01b906a1be37be6c534a3300785b20d947,0x2c34a2fb1d0b4f55de51e1d0bdefaddce6b7cdd6,0.0995021,1.2627E-4,-,Failed,
0x2d2c0080fd97425a5871298e26ecabff507437f1b42195ea5c999c9c5d02d572,33759498,2023/11/24 09:36:41,2023/11/24 01:36:41,0x80614773e62b5a300df5c61829d9cd704f549fb5,0x2c34a2fb1d0b4f55de51e1d0bdefaddce6b7cdd6,2.17766631720329E-4,6.9147302889E-5,-,Failed,
0x6b74f4c9cb91f08a33c7da7a70e1cb9e2895c944b95aa9d76c950460852667f6,33681170,2023/11/21 16:04:22,2023/11/21 08:04:22,0xfed55ea840a1528b0074fa03c35e295fd1224848,0x2c34a2fb1d0b4f55de51e1d0bdefaddce6b7cdd6,0.002,6.3283815E-5,-,Failed,
0x9c6a8ef42685f28acacf2d76016377243caefd48f49463e47e2485b7af9d1fb4,33002158,2023/10/28 23:59:30,2023/10/28 15:59:30,0xc1674ea57e57255ce88d2b5bb5a7fabd04ea8888,0x2c34a2fb1d0b4f55de51e1d0bdefaddce6b7cdd6,0.0,7.2916951997395E-5,transferOwnership,Failed,
0x0905458b2a771b120d4f293f0fd59cdc403d318260f2c771b4bf0e86deab8ad2,32142590,2023/09/29 01:10:15,2023/09/28 17:10:15,0x37ec14ef9c13c2a07c2cd1ed3f5869d42d9a6596,0x2c34a2fb1d0b4f55de51e1d0bdefaddce6b7cdd6,0.0,6.5409E-5,approve,Failed,
0x6414be83918adcdb32c2b47885afc69cd225b7b0e595c4ec3eff1eb2bb32e3d7,32142134,2023/09/29 00:47:21,2023/09/28 16:47:21,0x37ec14ef9c13c2a07c2cd1ed3f5869d42d9a6596,0x2c34a2fb1d0b4f55de51e1d0bdefaddce6b7cdd6,0.0,8.1609E-5,0xb80c2f09,Failed,
0x04b0ebc59519436b329213224774f1fb32aa731cec3820cf95d4e8116770f390,32142009,2023/09/29 00:41:06,2023/09/28 16:41:06,0x37ec14ef9c13c2a07c2cd1ed3f5869d42d9a6596,0x2c34a2fb1d0b4f55de51e1d0bdefaddce6b7cdd6,0.0,6.8193E-5,0x9871efa4,Failed,
0x11f1b369692559506f24f5f0bfaa336189005fc01e9fb995f6025ff49ecd3a59,32141958,2023/09/29 00:38:33,2023/09/28 16:38:33,0x37ec14ef9c13c2a07c2cd1ed3f5869d42d9a6596,0x2c34a2fb1d0b4f55de51e1d0bdefaddce6b7cdd6,0.0,6.8193E-5,0x9871efa4,Failed,
0x9834dd0fc0fef6b18043a732914e7870f950267f73a40614dfea034a37549d5f,32141880,2023/09/29 00:34:39,2023/09/28 16:34:39,0x37ec14ef9c13c2a07c2cd1ed3f5869d42d9a6596,0x2c34a2fb1d0b4f55de51e1d0bdefaddce6b7cdd6,0.0,6.8193E-5,0x9871efa4,Failed,
0x2e78d1733446b54fb38e01692ef03f6e1702362dfea5ee3ad2230b99ff448bc4,32141330,2023/09/29 00:07:09,2023/09/28 16:07:09,0x37ec14ef9c13c2a07c2cd1ed3f5869d42d9a6596,0x2c34a2fb1d0b4f55de51e1d0bdefaddce6b7cdd6,0.0,8.1609023307255E-5,approve,Failed,
0x50b823659fed26354743982aeb6b78bf9f3f7151e53d46a59549847e9705d17a,32141301,2023/09/29 00:05:42,2023/09/28 16:05:42,0x37ec14ef9c13c2a07c2cd1ed3f5869d42d9a6596,0x2c34a2fb1d0b4f55de51e1d0bdefaddce6b7cdd6,0.0,9.5818354725179E-5,approve,Failed,
0xcfb45af42302b489c59bd70e56c627090ff6f0cec6aabe296c05b013269364d9,32141275,2023/09/29 00:04:24,2023/09/28 16:04:24,0x37ec14ef9c13c2a07c2cd1ed3f5869d42d9a6596,0x2c34a2fb1d0b4f55de51e1d0bdefaddce6b7cdd6,0.0,9.6203945489627E-5,approve,Failed,
0x5895c330dffd040fa00f48b4cc35fbff3c2af6bec15bc4cef35235c838b709b6,32141263,2023/09/29 00:03:48,2023/09/28 16:03:48,0x37ec14ef9c13c2a07c2cd1ed3f5869d42d9a6596,0x2c34a2fb1d0b4f55de51e1d0bdefaddce6b7cdd6,0.0,1.05396663817542E-4,approve,Failed,
0x32d3467d81f1595939cda1ec836196ccd83297a0ffc25ab1a73ef4f538ffecf3,32141120,2023/09/28 23:56:39,2023/09/28 15:56:39,0x37ec14ef9c13c2a07c2cd1ed3f5869d42d9a6596,0x2c34a2fb1d0b4f55de51e1d0bdefaddce6b7cdd6,0.0,1.09015E-4,approve,Failed,
0xe3410239b19926f4d9a267960f0119357eb7f626b4b5b5d3da2b98855572f3d9,32140964,2023/09/28 23:48:41,2023/09/28 15:48:41,0x37ec14ef9c13c2a07c2cd1ed3f5869d42d9a6596,0x2c34a2fb1d0b4f55de51e1d0bdefaddce6b7cdd6,0.0,1.07360974316596E-4,approve,Failed,
0x38cda5b69b8f3dc44beff7226aecc65f2ef1f6d7ccf399b030c3045f06af936a,32140827,2023/09/28 23:41:50,2023/09/28 15:41:50,0x37ec14ef9c13c2a07c2cd1ed3f5869d42d9a6596,0x2c34a2fb1d0b4f55de51e1d0bdefaddce6b7cdd6,0.0,8.9919475719843E-5,approve,Failed,
0x69bc2e0c503cee19625f63daebf899119f715308201555113115e0a817e10571,32139930,2023/09/28 22:56:59,2023/09/28 14:56:59,0x37ec14ef9c13c2a07c2cd1ed3f5869d42d9a6596,0x2c34a2fb1d0b4f55de51e1d0bdefaddce6b7cdd6,0.0,1.08688204375674E-4,approve,Failed,
0x0165217b0be555537b75d66336f9049a60c333882db503140e73ef9dd0bedf5c,32138470,2023/09/28 21:43:48,2023/09/28 13:43:48,0x37ec14ef9c13c2a07c2cd1ed3f5869d42d9a6596,0x2c34a2fb1d0b4f55de51e1d0bdefaddce6b7cdd6,0.0,8.7518966586436E-5,approve,Failed,
0xcb1a15d036554cf0a43df1e933306bd36340f9f42e9b982ddf209995dfb8b9d3,32138377,2023/09/28 21:39:06,2023/09/28 13:39:06,0x37ec14ef9c13c2a07c2cd1ed3f5869d42d9a6596,0x2c34a2fb1d0b4f55de51e1d0bdefaddce6b7cdd6,0.0,8.930048268757E-5,approve,Failed,
0x4d211e6ad67238cc440b5b55e6cfda4983a0850ddb3551da49503aea374c9541,31399151,2023/09/03 03:34:31,2023/09/02 19:34:31,0x77f38e6b969ee7cdbcab4de9d4c81755e09e7274,0x2c34a2fb1d0b4f55de51e1d0bdefaddce6b7cdd6,6.9259781682E-5,6.3E-5,-,Failed,
0xedebc0ccb81255291d81dc940659c99d50d178eda2c54a47c02c5a9bcd2e0edb,30958659,2023/08/18 18:56:11,2023/08/18 10:56:11,0x37ec14ef9c13c2a07c2cd1ed3f5869d42d9a6596,0x2c34a2fb1d0b4f55de51e1d0bdefaddce6b7cdd6,0.0,6.5373E-5,approve,Failed,
0xab8b4c32cecbf07e11096cad9337e2051b593c33bbd9e99c75e46e04b05b8384,30957189,2023/08/18 17:42:41,2023/08/18 09:42:41,0x37ec14ef9c13c2a07c2cd1ed3f5869d42d9a6596,0x2c34a2fb1d0b4f55de51e1d0bdefaddce6b7cdd6,0.0,6.5409E-5,approve,Failed,
0x2196336a7e9997e5023603bfcdbb2c76999b0ca95951bb8f7aaad5b0f0d3fd3d,30668623,2023/08/08 16:34:00,2023/08/08 08:34:00,0x8b785da8dd2574e8fd221a98e0c6697543768e3a,0x2c34a2fb1d0b4f55de51e1d0bdefaddce6b7cdd6,0.001,6.3135E-5,-,Failed,
0x43964b0e096ccbe35b423d9247ae4ed33a868a4dee19eb2c441ae908b41935b7,30519532,2023/08/03 11:49:12,2023/08/03 03:49:12,0xcc1aff27fd2540e8373803574bbd2ccf8b6bd839,0x2c34a2fb1d0b4f55de51e1d0bdefaddce6b7cdd6,0.036,6.3E-5,-,Failed,
0x1d5008c06edf9072b4c5b9e0944cf8f9251ff08a9c5c6106667c758caa1fa433,30519483,2023/08/03 11:46:45,2023/08/03 03:46:45,0xcc1aff27fd2540e8373803574bbd2ccf8b6bd839,0x2c34a2fb1d0b4f55de51e1d0bdefaddce6b7cdd6,0.03719,6.3E-5,-,Failed,
0x55692fe301335dbc2c6a383c2ec409f4465a560738e4e19a72331846f0c1f000,29524193,2023/06/29 19:52:42,2023/06/29 11:52:42,0x2fbbe9111e26d4f8c17f4c7f9627daf92d49cb74,0x2c34a2fb1d0b4f55de51e1d0bdefaddce6b7cdd6,0.0,6.5373E-5,approve,Failed,
0xd614848b76b25c474331283d6d1463aa67431f99cc9867bbcb79443cf23e9920,29524176,2023/06/29 19:51:51,2023/06/29 11:51:51,0x2fbbe9111e26d4f8c17f4c7f9627daf92d49cb74,0x2c34a2fb1d0b4f55de51e1d0bdefaddce6b7cdd6,0.0,6.321E-5,-,Failed,
0x3b61036f28e901bcdb6c53323ec1161dd76b46adbe59527d74b1101e9bfc534b,29451481,2023/06/27 07:06:16,2023/06/26 23:06:16,0x1c93ecd394751426b92872da38ef8d1ab850bac0,0x2c34a2fb1d0b4f55de51e1d0bdefaddce6b7cdd6,0.0,7.370327153745E-5,approve,Failed,
0xb00adf1ae1dabda0b10cc7f58ea2dca6fd55e6d75ee8d64a3554ded12671f385,29260486,2023/06/20 15:31:42,2023/06/20 07:31:42,0xc2269e26f23f52548fb6dfcebae8ae3fab6203e4,0x2c34a2fb1d0b4f55de51e1d0bdefaddce6b7cdd6,0.0,6.5409E-5,approve,Failed,
0x01fb150dd13869f70829a7dc2312e81547c36d2dfb0834214ef8cbaa5ad966ae,27455982,2023/04/18 20:48:19,2023/04/18 12:48:19,0xc82ea2afe1fd1d61c4a12f5ceb3d7000f564f5c6,0x2c34a2fb1d0b4f55de51e1d0bdefaddce6b7cdd6,0.0,9.033E-5,transferOwnership,SUCCESS,
0xb7977303bab72f8f88165669c6d98342f3b7688fdda68e69424a6fd3814e4ac9,25982982,2023/02/26 04:45:09,2023/02/25 20:45:09,0x161ba15a5f335c9f06bb5bbb0a9ce14076fbb645,0x2c34a2fb1d0b4f55de51e1d0bdefaddce6b7cdd6,0.02713055,2.1045E-4,-,Failed,
0x8961643d2067203749ae76cf4d59c244654ecbdd8429c1b75d1aab9a069d25c4,22929046,2022/11/10 15:22:37,2022/11/10 07:22:37,0x4f37869b036bd0cdb6a37231ee8b5ec47a1107f9,0x2c34a2fb1d0b4f55de51e1d0bdefaddce6b7cdd6,0.0,1.3269E-4,approve,Failed,
0x4a116bf40f8546238e57f246f00a68cc7050b8ae1dea958bb57d5e8b92711489,21690922,2022/09/27 15:39:16,2022/09/27 07:39:16,0x7cc1ad6eab10fb93dc3580aef20631f01c6389d6,0x2c34a2fb1d0b4f55de51e1d0bdefaddce6b7cdd6,0.0,1.99035E-4,approve,Failed,
0x9f8ea723811bb4d6f0c2ee91f175ba8e5ef9f94cdc3bd14933357426df1a71ce,21347200,2022/09/15 14:39:32,2022/09/15 06:39:32,0x3e9fc1b6b1661365e6688fea539626bc1f3ec876,0x2c34a2fb1d0b4f55de51e1d0bdefaddce6b7cdd6,0.0,2.2115E-4,approve,Failed,
0xba1651a9b63ade77b678bbf64c66df748f2a81c18528baff17daa6679d93dc54,21151164,2022/09/08 19:07:11,2022/09/08 11:07:11,0xe4e34e3d9edf0f36020f78fa5f8d7dbf11f4558e,0x2c34a2fb1d0b4f55de51e1d0bdefaddce6b7cdd6,0.0,2.2115E-4,approve,Failed,
0x3da5959bafbd428bb87196e7fe7bb06baa77fb78ae05917770458248106ab2a5,21135281,2022/09/08 05:51:43,2022/09/07 21:51:43,0xe4e34e3d9edf0f36020f78fa5f8d7dbf11f4558e,0x2c34a2fb1d0b4f55de51e1d0bdefaddce6b7cdd6,0.0,2.43265E-4,approve,Failed,
0x4395a3be04aca8e724a299096b7d98726c0cd1a8b0cf305a1b3a2089d889359a,21115695,2022/09/07 13:31:52,2022/09/07 05:31:52,0x616629ac9da7c44b53270d1ea4165e24ab8c83bd,0x2c34a2fb1d0b4f55de51e1d0bdefaddce6b7cdd6,0.0,2.2115E-4,approve,Failed,
0xd41da0efefa14c138df1cbda8fcc024deea9c20fd658847262990ba823944117,20916331,2022/08/31 14:57:02,2022/08/31 06:57:02,0x21caaaeb489f704896c1641e8e436e10c577059a,0x2c34a2fb1d0b4f55de51e1d0bdefaddce6b7cdd6,0.0,1.10575E-4,approve,Failed,
0xd0cb3b1f7b0c803dfe00c1d455289b6f235e893adec027070b5415eaf389d39f,17533728,2022/05/05 15:44:38,2022/05/05 07:44:38,0xc82ea2afe1fd1d61c4a12f5ceb3d7000f564f5c6,0x2c34a2fb1d0b4f55de51e1d0bdefaddce6b7cdd6,0.0,1.28925E-4,setApproveProxy,SUCCESS,
0x4b32adeb4d27e36f79204cb7534a7be2a6a6f6cc3947bc04ef0ac61c5cc7d8e7,17533636,2022/05/05 15:40:02,2022/05/05 07:40:02,0xc82ea2afe1fd1d61c4a12f5ceb3d7000f564f5c6,0x2c34a2fb1d0b4f55de51e1d0bdefaddce6b7cdd6,0.0,1.28925E-4,setApproveProxy,SUCCESS,
0xd71a54a27ac3cbb75db2d5f51a79ed0bc72e938a255e2cb3aa9411e71b62bf1a,16703247,2022/04/06 15:37:18,2022/04/06 07:37:18,0xc82ea2afe1fd1d61c4a12f5ceb3d7000f564f5c6,0x2c34a2fb1d0b4f55de51e1d0bdefaddce6b7cdd6,0.0,1.28925E-4,setApproveProxy,SUCCESS,
0xe87f6475b32cec5dca68349f6f61bd791e94d215df239b75cb44d98550a3d388,16559382,2022/04/01 14:48:12,2022/04/01 06:48:12,0xc82ea2afe1fd1d61c4a12f5ceb3d7000f564f5c6,0x2c34a2fb1d0b4f55de51e1d0bdefaddce6b7cdd6,0.0,1.28925E-4,setApproveProxy,SUCCESS,
0xbb33a3f2360c4ce69e759ddb00b1bbab1320f9a58b96549e2f6a8cf939276beb,16441553,2022/03/28 11:18:35,2022/03/28 03:18:35,0x35aaa5c2f56211b74b1adf92d09642a5ae9c5789,0x2c34a2fb1d0b4f55de51e1d0bdefaddce6b7cdd6,0.0,1.31495E-4,0xbf266f25,Failed,
0xd38b22e1605807444dd11aa947c59c7551cf42645c8ac2bea279af5c8d345a2b,16440633,2022/03/28 10:32:34,2022/03/28 02:32:34,0x35aaa5c2f56211b74b1adf92d09642a5ae9c5789,0x2c34a2fb1d0b4f55de51e1d0bdefaddce6b7cdd6,0.0,1.31255E-4,0xbf266f25,Failed,
0x6f3ba471bebe406b9ba587daecf159ddf9f6998be9b659c8ba8242a7d3b08c61,16440029,2022/03/28 10:02:21,2022/03/28 02:02:21,0x35aaa5c2f56211b74b1adf92d09642a5ae9c5789,0x2c34a2fb1d0b4f55de51e1d0bdefaddce6b7cdd6,1.0E-18,1.24065E-4,0xbf266f25,Failed,
0x54471ea50ca7a5ec036fc077e3b8a6ea5d3ad28bd410883e3c87619f35387465,15726283,2022/03/03 11:48:34,2022/03/03 03:48:34,0xc82ea2afe1fd1d61c4a12f5ceb3d7000f564f5c6,0x2c34a2fb1d0b4f55de51e1d0bdefaddce6b7cdd6,0.0,1.28925E-4,setApproveProxy,SUCCESS,
0xca59f219a8c2c4bda9dcb98552d5750bed53cd4b21d7b1735a403dc7b074c440,15726156,2022/03/03 11:42:13,2022/03/03 03:42:13,0xc82ea2afe1fd1d61c4a12f5ceb3d7000f564f5c6,0x2c34a2fb1d0b4f55de51e1d0bdefaddce6b7cdd6,0.0,4.6309E-4,initialize,SUCCESS,
0x9bdcb4394c4f8aac96ab410eed6e1407ac96bf50d896e847d6260b16d148b152,15726152,2022/03/03 11:42:01,2022/03/03 03:42:01,0xc82ea2afe1fd1d61c4a12f5ceb3d7000f564f5c6,0x2c34a2fb1d0b4f55de51e1d0bdefaddce6b7cdd6,0.0,0.002569305,-,SUCCESS,
